age,city
1,San Buenaventura
2,Holma
3,Balongmulyo
4,Lajarik
5,Odienné
6,Mansilingan
7,Manila
8,Jifeng
9,Whakatane
10,Saint-Priest
11,Mikhnëvo
12,Comalapa
13,Zamoskvorech’ye
14,Weitang
15,Bantog
16,Svenljunga
17,Luts’k
18,Xinfa
19,San Felipe
20,Champagnole
21,Ramotswa
22,Shuanggang
23,Escuintla
24,Taman
25,Litvínov
26,Leipzig
27,Balyaga
28,Jardia
29,Cidade Velha
30,Järfälla
31,Měcholupy
32,Babice
33,Annonay
34,Paço
35,Yangxiang
36,Rancho Nuevo
37,Dubti
38,Proletarsk
39,Malata
40,Lincoln
41,Dīvāndarreh
42,Nangtang
43,Intendente Alvear
44,Ishkhoy-Yurt
45,Coquitlam
46,Kwikila
47,Quiches
48,Tarhuna
49,Luzhuangzi
50,Bacag
51,Barrhead
52,Baicaogou
53,Vila Franca
54,Pulosari
55,Potchefstroom
56,Mnichovo Hradiště
57,Örebro
58,Huasahuasi
59,Tuchlovice
60,Novoalekseyevskaya
61,Taquarituba
62,Wushishi
63,Hanting
64,Aglipay
65,Entradas
66,Sagara
67,Xiagang
68,Daja Lorong
69,Talipan
70,Sanok
71,Honghe
72,Duncans
73,Ariz
74,Platagata
75,Kushikino
76,Zhongshu
77,Sruni
78,Saubara
79,Lodan Wetan
80,Pingding
81,Kunsan
82,Girón
83,Kula
84,Muang Sing
85,Kota Kinabalu
86,Bolesławiec
87,Songjiang
88,La Loma
89,Tiechang
90,Shlissel’burg
91,Cabouco
92,Van Nuys
93,Izmaylovo
94,Zitong
95,Ar Rawḑah
96,Karobokan
97,Dagui
98,Castlepollard
99,Artur Nogueira
100,Prnjavor
101,Yuza
102,Krajan Suko Kidul
103,Baranoa
104,Sanzhou
105,Bayuin
106,Bangangté
107,Mtimbira
108,Caçapava do Sul
109,Lanxi
110,Wakkanai
111,Wilamowice
112,Roodepoort
113,Marintoc
114,Des Moines
115,Sukhobuzimskoye
116,Piojó
117,Mekarsari
118,Dlemer
119,Ros’
120,Aco
121,Ibicaraí
122,Bulacnin
123,Novhorodka
124,Buena Vista
125,Gavea
126,Balgarevo
127,Embalse
128,Kurnāz
129,Barobo
130,Tlogowungu
131,Patos de Minas
132,Savyntsi
133,Cần Giờ
134,Dzorastan
135,Hŭngju-dong
136,Bratislava
137,Nangabere
138,Kolape
139,Des Moines
140,Atsugi
141,Nianba
142,La Francia
143,Kolno
144,Yinchuan
145,Benito Juarez
146,Alofi
147,Czerwin
148,Shangqiu
149,"Coruña, A"
150,Dieppe
151,Pakel
152,Gondanglegi Wetan
153,Suruhan
154,Kalatongke
155,Kembang
156,Pirassununga
157,Khodasy
158,Laidian
159,Lyon
160,Magdug
161,Tullyallen
162,Wanzhi
163,Papeete
164,Stamáta
165,Takahata
166,Bai’e
167,Ampelgading
168,Mabalacat
169,Jardim
170,Guimbal
171,Aksu
172,Stockholm
173,Bezons
174,Zhouzhuang
175,Shengao
176,Kovářská
177,Jingouhe
178,Luangwa
179,Reston
180,Purral
181,Nunchía
182,Zhenjiang
183,Dayton
184,Heemskerk
185,Grenoble
186,Lainqu
187,Chernomorets
188,Qŭrghontepa
189,Shuangxi
190,Trŭn
191,Hucheng
192,Flor da Mata
193,Águas Belas
194,L-Iklin
195,Changshan
196,Stockholm
197,Paço
198,Qingshan
199,Araruama
200,Cheyenne
201,Žďár nad Sázavou Druhy
202,Villa Alemana
203,Abbeville
204,Honghualiangzi
205,Voskop
206,Marinilla
207,Xinminxiang
208,Edéa
209,Viseu
210,Primero de Mayo
211,Tha Wang Pha
212,Greytown
213,Lianhe
214,Zengjia
215,Dallas
216,Ciudad Arce
217,Swindon
218,Utan
219,Kristinehamn
220,Foúrnoi
221,Barrhead
222,Takahama
223,Myaydo
224,Texíguat
225,Krasnystaw
226,Ubatuba
227,Bilice
228,Taphan Hin
229,Juntas
230,Czerwonak
231,Tangxi
232,Kampen (Overijssel)
233,Al Qardāḩah
234,Shalqīya
235,Taung
236,Xincheng
237,Rukunlima Bawah
238,Huacao
239,Plaju
240,Gros Morne
241,Soljani
242,Gunem
243,Carman
244,Nagu
245,Orsk
246,Chester
247,Quthing
248,Barili
249,Binzhou
250,Tempe
251,Mysiadło
252,Guanabacoa
253,Milovice
254,Dinalongan
255,Qiaotou
256,Na Kae
257,Oslo
258,Lamía
259,Saint-Joseph-de-Coleraine
260,Phonsavan
261,Yelizavetinskaya
262,Cucutilla
263,São José
264,Bibirevo
265,Sacramento
266,Tapel
267,Xintaimen
268,Palkovice
269,Angra do Heroísmo
270,Postřelmov
271,Ban Houakhoua
272,Vihti
273,Ash Shaykh ‘Uthmān
274,Stalbe
275,Caxarias
276,Gryfino
277,Idah
278,Phunphin
279,Monguno
280,Labansari
281,Wang Noi
282,Froly
283,Kungsbacka
284,Indianapolis
285,Haymā’
286,Omigawa
287,Kochetok
288,Vanderhoof
289,Khafizan
290,Lushuihe
291,Maco
292,Xilin
293,Gaborone
294,Sokolovo
295,Emiliano Zapata
296,Montepuez
297,Martapura
298,Cikananga
299,Águas de Lindóia
300,La Joya
301,Morrelgonj
302,Ponte
303,Stubno
304,Lonpao Dajah
305,Sardasht
306,Sanxi
307,Centenario
308,Kramsk
309,Cascavel
310,Shangping
311,Konstantinovsk
312,San Luis
313,Papër
314,Żabia Wola
315,Lugovoy
316,Xinjie
317,Silveiros
318,Moreira de Geraz do Lima
319,Stryszawa
320,Shentong
321,Da’an
322,Subkowy
323,Narvacan
324,Tulsa
325,Idtig
326,Sofifi
327,Hola Prystan’
328,Laventille
329,Barţa‘ah ash Sharqīyah
330,Bieto
331,Zvëzdnyy
332,Zheleznodorozhnyy
333,Besteiros
334,Shaochang
335,Sanya
336,Malveira
337,Pámfylla
338,Aurora
339,Dera Bugti
340,Ţafas
341,Thulamahashi
342,Qarqīn
343,‘Izbat al Burj
344,Bogorejo
345,Bar
346,Uppsala
347,Nicasio
348,Iwakura
349,San Pedro de Ycuamandiyú
350,Sardoal
351,Otterburn Park
352,San Enrique
353,Novouzensk
354,Sagarejo
355,Matanog
356,Beringinjaya
357,Fermelã
358,Tianhe
359,New Bedford
360,Modderfontein
361,Heret
362,Khudoyelanskoye
363,Győr
364,Itatuba
365,Daohe
366,Tippi
367,Waterbury
368,Chợ Mới
369,Vårgårda
370,Uenohara
371,Mayong
372,Tashkent
373,Tanout
374,Nybro
375,Göteborg
376,Hŭkkyo-ri
377,Quiling
378,Sasebo
379,Taboc
380,Khantaghy
381,Limoeiro de Anadia
382,Corrientes
383,Cinunjang
384,Dongkan
385,Tromsø
386,Sarvābād
387,Krajan
388,Kallithéa
389,Bayside
390,Karakabak
391,Wierzchowo
392,Jiupu
393,Almolonga
394,Fosses
395,Dzorastan
396,Gouménissa
397,Dashev
398,Pyt-Yakh
399,Freiria
400,Tymoshivka
401,Khadzhalmakhi
402,Banjar Susut Kaja
403,Garça
404,Adelaide Mail Centre
405,Sukowidodo Barat
406,Yokohama
407,Orlovat
408,Okhtyrka
409,Évry
410,Muromtsevo
411,Duqiao
412,Jirjā
413,Murree
414,Fernando Gutierrez Barrios
415,Kovdor
416,Pumai
417,Nevers
418,Железный порт
419,Khūgyāṉī
420,Qinggang
421,Bieliny
422,Muli
423,Mamonovo
424,Dianya
425,Bandong
426,Torslanda
427,Kefang
428,Simunul
429,Olszówka
430,Erdaojiang
431,Tanumshede
432,Calvário
433,Lago da Pedra
434,Datong
435,Qobu
436,Rumburk
437,Ha
438,Potikosin
439,Luthu
440,Cinyawang
441,Otlja
442,Revolucion
443,Fox Creek
444,Parada de Todeia
445,Lille
446,Prigrevica
447,Vyshneye Dolgoye
448,Moutfort
449,Wuxihe
450,Sap Yai
451,Donduşeni
452,Panyingkiran
453,Broska
454,Al Başrah
455,Velikiy Novgorod
456,Černá Hora
457,Aquin
458,Mandeni
459,Vigo
460,Cancela
461,Shijia
462,Jumpangdua
463,Marantao
464,Columbeira
465,Bailizhou
466,Yangdian
467,Kostopil’
468,Lapaz
469,Itagibá
470,Vaggeryd
471,Anda
472,San Francisco
473,Kofelē
474,Campos
475,Sacramento
476,Kirkland Lake
477,Spas-Klepiki
478,Kurmanayevka
479,Kendalrejo
480,Ḩadīdah
481,São João de Caparica
482,Nowy Sącz
483,Mairinque
484,Al Jafr
485,Göteborg
486,Chodzież
487,Krajan Puger Wetan
488,Gangjia
489,Smolyan
490,Wonodadi
491,Pengilon
492,Bogdaniec
493,Lawrenceville
494,General Galarza
495,Guayatá
496,Luzern
497,San Juan de Planes
498,Guanbuqiao
499,Pai do Vento
500,Ciparay
501,Valença do Douro
502,Baota
503,Bandar-e Torkaman
504,Coari
505,Ankola
506,Horní Počaply
507,Oepula
508,Kaznějov
509,Liminka
510,Nāgarpur
511,Ngeru
512,Raphoe
513,London
514,Basing
515,Fergana
516,Arcena Pequena
517,Kalianyar Selatan
518,Fernando de Noronha (Distrito Estadual)
519,Donggaocun
520,Ostaszewo
521,Bilaran
522,Lidun
523,Laï
524,Okcheon
525,Jing’an
526,Pelym
527,Ortega
528,Mae Sot
529,Jocotán
530,Cikalang
531,Camacha
532,Strelka
533,Cisownica
534,Sintra
535,Belogorsk
536,Guanyinsi
537,Ljutomer
538,Evansville
539,Áno Kalentíni
540,Altamira
541,Terenozek
542,Unaizah
543,Pangkajene
544,Gubuk Daya
545,Cedar Rapids
546,Longkou
547,Dalinhe
548,Saint-Louis
549,Kota Kinabalu
550,Liminka
551,Gjøvik
552,Tosno
553,Saint-Grégoire
554,Xiuyu
555,Aragua de Barcelona
556,El Refugio
557,Zonghan
558,Bykhaw
559,Cambas
560,Babura
561,Macau
562,Minggang
563,Tepal
564,Dongmafang
565,Kisarazu
566,Gresik
567,Bielawa
568,Kalapagenep
569,Kelīshād va Sūdarjān
570,Starcevica
571,Puerto Berrío
572,Yegorlykskaya
573,Dziewin
574,Tuanshansi
575,Mingyue
576,Pan de Azúcar
577,Xinmin
578,Mollas
579,Tangtou
580,Épernay
581,Santa Rita
582,Santo Anastácio
583,Bagusan
584,Wonorejo
585,Alminhas
586,Nanterre
587,Dijon
588,Warungtanjung
589,Pontivy
590,Bom Conselho
591,Kombësi
592,Dungkek Laok
593,Hoboksar
594,Munkfors
595,Shaxi
596,Alanga
597,Borås
598,Parnaíba
599,Cimara
600,Gaizhou
601,Damulog
602,Barlinek
603,Kantharalak
604,Giồng Riềng
605,Petropavlovsk
606,Krajan Dua Putukrejo
607,Genengan Kulon
608,Nanwai
609,Kunashak
610,Akouda
611,Tanashichō
612,Letpandan
613,Tagiura
614,Mundri
615,Kruisfontein
616,Ziębice
617,Huangsha
618,Dongjin
619,Karangboyo
620,Daytona Beach
621,Vila Nova
622,Maunatlala
623,Rumphi
624,Piquete
625,Pando
626,Gravataí
627,Mairana
628,Solna
629,Kantharalak
630,Jājarm
631,Rothesay Bay
632,Āshkhāneh
633,Waekolong
634,Dongchong
635,Talca
636,Bidikotak
637,Kabarnet
638,Santa Rosa
639,Chaguaramas
640,Montpellier
641,Villa Dolores
642,Ishikawa
643,Gakem
644,Emiliano Zapata
645,Kamieniec Ząbkowicki
646,Tabinay
647,Banjar Swastika
648,Nanpu
649,Nantian
650,La Roche-sur-Yon
651,Aizhai
652,Karanggeneng
653,Utabi
654,Ongi
655,Norsborg
656,Haykashen
657,Nouna
658,Felgueiras
659,Bailuquan
660,Zhuyang
661,Al ‘Awjah
662,Huiyi
663,Nowe Miasto
664,Nanterre
665,Niafunké
666,Correia Pinto
667,Har Nur
668,Trunovskoye
669,Jepat Kidul
670,Toledo
671,Zolochiv
672,Črenšovci
673,Baiyan
674,Ibotirama
675,Žacléř
676,Francos
677,Verkhnyaya Khava
678,San Isidro
679,Chenhu
680,Kindersley
681,Lobanovo
682,Daduchuan
683,Kanália
684,Koran
685,Rączna
686,Luchingu
687,Orange
688,Lakha Nëvre
689,Lékhaio
690,Göteborg
691,Santo Antônio do Monte
692,Stamford
693,Hatton
694,Põlva
695,Kalabo
696,Tanbu
697,Almaznyy
698,Casablanca
699,Guanting
700,Ban Phai
701,Cieurih Satu
702,Plovdiv
703,Huangzhan
704,Kunvald
705,Tagana-an
706,Czerniejewo
707,Puerto Madryn
708,La Cocha
709,Waihi
710,Balgarevo
711,Lusong
712,Wirral
713,Gaoqiao
714,Marcos
715,Maqbanah
716,Vaxholm
717,El Paisnal
718,Paris 14
719,Orguz
720,Cikaduen
721,Ortigueira
722,Ţafas
723,Shatalovo
724,Shangma
725,Baiyang
726,Sakata
727,Krasnyy Kholm
728,Bonabéri
729,Tucupido
730,Pau
731,Skiáthos
732,Rizal
733,KwaMbonambi
734,Larnaca
735,Lexington
736,Al Bāriqīyah
737,Ḩadīdah
738,Qianzhou
739,Gongbuxue
740,Taiping
741,Paris 11
742,Koynare
743,Baltimore
744,Lavia
745,Nemby
746,Barengkok
747,Santa Ana
748,Oughterard
749,Cunén
750,Ternopil’
751,Profítis Ilías
752,Ulsan
753,Libacao
754,Debar
755,Qal‘ah-ye Kūf
756,Daja
757,Kożuchów
758,Nikolayevsk
759,Arroyo Salado
760,Tanjungsari Barat
761,Jardín América
762,Bairro dos Marinheiros
763,Ulricehamn
764,Darkton
765,Tayuan
766,Amagarapati
767,Letlhakeng
768,Kozje
769,Santo Domingo
770,Guozhai
771,Monte Branco
772,Uwelini
773,Springfield
774,Sulūq
775,Waerana
776,Tierimu
777,Kalembutillu
778,Dimitrov
779,Vimmerby
780,Kanal
781,Pyt-Yakh
782,Chinhoyi
783,Tiling
784,Kyoto
785,Gakem
786,Patimuan
787,Sacramento
788,Driyorejo
789,Metahāra
790,Caraga
791,Quixadá
792,Changxuanling
793,Karlstad
794,Nikolayevsk
795,Huangbayi
796,Santa Rosa de Lima
797,Szczaniec
798,Ketanggungan
799,Chandmanĭ
800,Nador
801,Larvik
802,Touying
803,Tongole
804,Huangshan
805,Viline
806,Nantes
807,Kampungraja
808,Xunhe
809,Sukamaju
810,Daitou
811,Tunggaoen Timur
812,Banjar Laing
813,Shanhou
814,Dalam
815,Shuyuan
816,Dongping
817,Souto do Meio
818,Hŭngnam
819,Longzhouwan
820,Garhi Yāsīn
821,Paris 20
822,Baitang
823,Alcanena
824,Suchy Dąb
825,Yablonovskiy
826,Fussa
827,Jefferson City
828,Sceaux
829,Harbour Breton
830,Mora
831,Parachinar
832,Nässjö
833,Jieyang
834,San Pablo
835,Pulau Pinang
836,Ārān Bīdgol
837,Wanganui
838,Santander
839,Buenlag
840,Norwalk
841,Xiayang
842,Río Grande
843,Cawayan Bugtong
844,Bagan
845,Mrzezino
846,Sanhe
847,Monastyrshchina
848,Liangshan
849,Llauta
850,Ol’gino
851,Pagsañgahan
852,Ceres
853,Enschede
854,Luocheng
855,Carlos Barbosa
856,Masaran
857,Nevers
858,Alta
859,Karang
860,Beiwucha
861,Perivólia
862,Panji
863,Cawayan
864,Dyurtyuli
865,Khvānsār
866,Yao
867,Gao’an
868,Ilha de Moçambique
869,Paiisa
870,Nabire
871,Wien
872,Rumboci
873,Lelystad
874,Annopol
875,Hengjiang
876,Pakusari
877,Katori-shi
878,Otun
879,Unecha
880,Gandzak
881,Renko
882,Kota Kinabalu
883,Povedniki
884,Labuhansumbawa
885,Khoyniki
886,As Sayyānī
887,Savyntsi
888,Lago da Pedra
889,San Pedro
890,Sangpi
891,Lipnica Wielka
892,Jiangtun
893,Francisco Sarabia
894,Mustvee
895,Yarang
896,Shah Alam
897,Kwolla
898,Krajan Gajihan
899,Gainesville
900,Corinto
901,Zhongxiang
902,Châlons-en-Champagne
903,Toul
904,Youhua
905,Mingshuihe
906,Köln
907,Adrasmon
908,Dowsk
909,Chrysó
910,Tenjolaya
911,Munjungan
912,Dampek
913,Koszyce Wielkie
914,Bapska
915,Newbiggin
916,Bluff
917,Hampton
918,Urachiche
919,Vyerkhnyadzvinsk
920,Ansan-si
921,Balzan
922,Orda
923,Changsha
924,Spanish Wells
925,Chenārān
926,Bonavista
927,Pärnu-Jaagupi
928,Jiulian
929,Sekartaji
930,Hutag
931,Vegachí
932,Cempaka
933,Guernica
934,Huili
935,Monastir
936,Santa Maria
937,Jiumen
938,Roissy Charles-de-Gaulle
939,Nova Odessa
940,Hechuan
941,Ignalina
942,Boro Utara
943,Łącko
944,Lenningen
945,Sobrosa
946,Lenīnskīy
947,Honolulu
948,Xixiang
949,Rodotópi
950,Lorut
951,Az Zawr
952,Viligili
953,Nikolina Gora
954,Parikkala
955,Pancan
956,Nay Pyi Taw
957,Caldas da Rainha
958,Gongping
959,Bilo
960,Tonshayevo
961,Siaton
962,Linhu
963,Hezhai
964,Murici
965,Gostilitsy
966,Reshetylivka
967,Bīleh Savār
968,Huddinge
969,Xiaocun
970,Cojata
971,Juan N Alvarez
972,Järfälla
973,Orléans
974,Ordynskoye
975,Waterloo
976,Cipari
977,Ombul Barat
978,Shuangpu
979,Bulupayung
980,Liqizhuang
981,Akropong
982,Xianxi
983,Nusajaya
984,Diamantino
985,Huanza
986,Watergrasshill
987,Mozi
988,Goworowo
989,Balqash
990,Pajić Polje
991,Cafarnaum
992,Shkotovo
993,Mapaniqui
994,Yongfa
995,Krutaya Gorka
996,Piedrancha
997,Shilong
998,Le Bourget-du-Lac
999,Kovači
1000,Motygino
